City_ID,City,Country,Date,Lat,Lng,Max Temp,Humidity,Cloudiness,Wind Speed
0,Saint Anthony,US,2020-08-24 01:39:06,45.02,-93.22,82.99,57,1,3.36
1,Ushuaia,AR,2020-08-24 01:34:10,-54.8,-68.3,32.0,93,90,9.17
2,Punta Arenas,CL,2020-08-24 01:35:40,-53.15,-70.92,33.8,86,20,24.16
3,Chokurdakh,RU,2020-08-24 01:39:06,70.63,147.92,38.14,76,100,10.47
4,Kyabe,TD,2020-08-24 01:39:07,9.45,18.94,71.31,96,100,3.51
5,Coffs Harbour,AU,2020-08-24 01:39:07,-30.3,153.13,64.0,27,0,11.41
6,Hithadhoo,MV,2020-08-24 01:38:20,-0.6,73.08,82.31,80,100,14.47
7,Nikolskoye,RU,2020-08-24 01:39:08,59.7,30.79,61.0,87,94,2.24
8,Albany,US,2020-08-24 01:39:08,42.6,-73.97,69.01,90,16,2.24
9,Bredasdorp,ZA,2020-08-24 01:34:46,-34.53,20.04,55.4,93,100,2.24
10,Bengkulu,ID,2020-08-24 01:39:08,-3.8,102.27,82.74,68,54,4.94
11,Jamestown,US,2020-08-24 01:38:04,42.1,-79.24,71.01,83,1,5.82
12,Khatanga,RU,2020-08-24 01:39:09,71.97,102.5,64.56,53,99,11.81
13,Barrow,US,2020-08-24 01:35:01,71.29,-156.79,46.4,75,1,6.93
14,Airai,TL,2020-08-24 01:39:09,-8.93,125.41,73.89,37,0,6.67
15,Benesov Nad Ploucnici,CZ,2020-08-24 01:39:10,50.74,14.31,55.0,94,0,2.42
16,Rikitea,PF,2020-08-24 01:37:55,-23.12,-134.97,71.24,83,15,19.8
17,Ponta Do Sol,PT,2020-08-24 01:39:10,32.67,-17.1,77.0,57,20,18.34
18,Puerto Ayora,EC,2020-08-24 01:38:19,-0.74,-90.35,66.0,87,32,1.99
19,Thompson,CA,2020-08-24 01:39:11,55.74,-97.86,53.6,100,90,5.82
20,Bethel,US,2020-08-24 01:38:46,41.37,-73.41,75.2,83,1,4.7
21,Kapit,MY,2020-08-24 01:39:11,2.02,112.93,84.0,73,47,2.42
22,Faanui,PF,2020-08-24 01:38:42,-16.48,-151.75,77.13,79,9,18.77
23,Busselton,AU,2020-08-24 01:39:12,-33.65,115.33,60.01,67,7,4.07
24,Ngunguru,NZ,2020-08-24 01:39:12,-35.62,174.5,55.99,3,93,11.99
25,Tornio,FI,2020-08-24 01:39:13,65.85,24.15,53.6,81,89,4.7
26,Port Elizabeth,ZA,2020-08-24 01:39:13,-33.92,25.57,55.4,87,75,6.93
27,Nanortalik,GL,2020-08-24 01:39:13,60.14,-45.24,42.73,86,29,6.96
28,Zhezkazgan,KZ,2020-08-24 01:39:13,47.8,67.71,67.05,48,100,13.02
29,Dikson,RU,2020-08-24 01:38:25,73.51,80.55,45.91,81,0,12.44
30,Cherskiy,RU,2020-08-24 01:39:14,68.75,161.3,39.09,93,100,9.1
31,Port Lincoln,AU,2020-08-24 01:39:14,-34.73,135.87,53.8,67,100,7.14
32,Port Alfred,ZA,2020-08-24 01:38:03,-33.59,26.89,57.45,81,100,10.22
33,Ancud,CL,2020-08-24 01:39:15,-41.87,-73.82,42.01,93,90,16.11
34,Vila Franca Do Campo,PT,2020-08-24 01:39:15,37.72,-25.43,69.8,88,20,3.36
35,Mataura,NZ,2020-08-24 01:38:03,-46.19,168.86,60.01,72,39,5.01
36,Hilo,US,2020-08-24 01:39:15,19.73,-155.09,84.2,70,40,6.93
37,Alyangula,AU,2020-08-24 01:39:16,-13.85,136.42,82.4,34,12,10.29
38,Ajra,IN,2020-08-24 01:39:16,16.12,74.2,69.8,100,75,6.93
39,Hermanus,ZA,2020-08-24 01:39:16,-34.42,19.23,55.0,95,100,6.46
40,Shenjiamen,CN,2020-08-24 01:39:17,29.96,122.3,83.86,77,0,9.69
41,Mar Del Plata,AR,2020-08-24 01:38:03,-38.0,-57.56,51.01,87,70,13.87
42,Weligama,LK,2020-08-24 01:39:17,5.97,80.42,80.28,77,96,4.65
43,Pangnirtung,CA,2020-08-24 01:39:17,66.15,-65.71,45.84,78,100,2.13
44,Cape Town,ZA,2020-08-24 01:35:26,-33.93,18.42,57.99,93,20,10.29
45,Tuktoyaktuk,CA,2020-08-24 01:39:18,69.45,-133.04,69.8,56,75,12.75
46,Barra Dos Coqueiros,BR,2020-08-24 01:39:18,-10.91,-37.04,75.2,78,20,2.24
47,Brigham City,US,2020-08-24 01:39:19,41.51,-112.02,93.2,12,1,2.73
48,Cabo San Lucas,MX,2020-08-24 01:39:19,22.89,-109.91,87.8,55,5,4.7
49,Tiksi,RU,2020-08-24 01:39:19,71.69,128.87,40.53,71,99,12.55
50,El Tarra,CO,2020-08-24 01:39:20,8.58,-73.09,75.97,83,99,1.59
51,Mingguang,CN,2020-08-24 01:39:20,32.78,117.96,87.82,74,0,9.6
52,Zakupne,UA,2020-08-24 01:39:20,49.12,26.34,66.99,80,53,4.0
53,Alta Floresta,BR,2020-08-24 01:39:21,-9.88,-56.09,77.05,36,5,2.01
54,San Carlos De Bariloche,AR,2020-08-24 01:36:06,-41.15,-71.31,42.8,70,75,4.7
55,Ekhabi,RU,2020-08-24 01:39:21,53.51,142.97,62.38,65,25,9.24
56,Bambanglipuro,ID,2020-08-24 01:39:21,-7.95,110.28,82.67,66,52,11.32
57,Aswan,EG,2020-08-24 01:39:22,24.09,32.91,81.03,28,0,4.41
58,Itoman,JP,2020-08-24 01:39:22,26.12,127.67,80.6,94,75,43.62
59,Praia Da Vitoria,PT,2020-08-24 01:37:55,38.73,-27.07,71.6,94,20,7.63
60,Tilichiki,RU,2020-08-24 01:39:23,60.47,166.1,53.19,60,83,11.32
61,Ust-Ishim,RU,2020-08-24 01:39:23,57.69,71.17,52.18,94,99,6.51
62,Atuona,PF,2020-08-24 01:37:58,-9.8,-139.03,78.24,79,4,16.67
63,Qaanaaq,GL,2020-08-24 01:39:24,77.48,-69.36,36.43,89,100,1.54
64,Codrington,AU,2020-08-24 01:38:55,-38.27,141.97,50.99,64,47,11.36
65,Carnarvon,AU,2020-08-24 01:39:24,-24.87,113.63,66.2,55,0,14.99
66,Peniche,PT,2020-08-24 01:39:25,39.36,-9.38,66.99,91,53,3.0
67,Avarua,CK,2020-08-24 01:39:25,-21.21,-159.78,77.0,65,1,5.82
68,Hobart,AU,2020-08-24 01:38:48,-42.88,147.33,51.01,53,75,9.17
69,Jumla,NP,2020-08-24 01:39:03,29.27,82.18,65.86,65,84,1.28
70,Rovaniemi,FI,2020-08-24 01:39:25,66.5,25.72,51.8,93,0,6.93
71,Rio Gallegos,AR,2020-08-24 01:39:26,-51.62,-69.22,33.8,69,11,17.22
72,Saint-Philippe,RE,2020-08-24 01:39:26,-21.36,55.77,68.0,63,42,8.05
73,Katsuura,JP,2020-08-24 01:38:59,35.13,140.3,86.0,70,40,8.05
74,Arraial Do Cabo,BR,2020-08-24 01:39:27,-22.97,-42.03,67.17,63,3,9.37
75,Provideniya,RU,2020-08-24 01:39:27,64.38,-173.3,53.6,76,75,8.95
76,Lavrentiya,RU,2020-08-24 01:39:27,65.58,-171.0,48.85,89,100,5.14
77,Natal,BR,2020-08-24 01:39:27,-5.79,-35.21,75.2,83,20,9.17
78,Hofn,IS,2020-08-24 01:39:28,64.25,-15.21,48.74,83,100,7.7
79,Vostok,RU,2020-08-24 01:39:28,46.49,135.88,74.44,52,100,1.81
80,Sur,OM,2020-08-24 01:39:28,22.57,59.53,77.9,82,82,11.95
81,San Quintin,MX,2020-08-24 01:39:29,30.48,-115.95,76.41,68,0,9.22
82,Kalmunai,LK,2020-08-24 01:39:29,7.42,81.82,81.43,68,85,7.78
83,Tasiilaq,GL,2020-08-24 01:39:29,65.61,-37.64,37.4,100,7,1.12
84,Longyearbyen,SJ,2020-08-24 01:38:41,78.22,15.64,37.4,74,34,6.93
85,Belyy Yar,RU,2020-08-24 01:39:30,53.6,91.39,59.0,82,40,4.47
86,Xinye,CN,2020-08-24 01:39:30,32.52,112.35,82.2,75,88,12.19
87,Yellowknife,CA,2020-08-24 01:39:30,62.46,-114.35,62.01,62,20,6.93
88,Vaini,TO,2020-08-24 01:39:30,-21.2,-175.2,80.6,83,40,11.41
89,Godda,IN,2020-08-24 01:39:30,24.83,87.22,85.69,71,3,1.63
90,Kodiak,US,2020-08-24 01:39:31,57.79,-152.41,59.0,82,90,4.7
91,Puro,PH,2020-08-24 01:39:31,12.48,123.38,86.58,68,0,6.96
92,Rafai,CF,2020-08-24 01:39:31,4.95,23.92,67.12,97,100,1.03
93,Ribeira Grande,PT,2020-08-24 01:39:32,38.52,-28.7,73.06,89,0,13.06
94,Laguna,US,2020-08-24 01:39:32,38.42,-121.42,93.2,29,1,12.75
95,Pevek,RU,2020-08-24 01:39:32,69.7,170.31,37.92,95,100,2.73
96,Upernavik,GL,2020-08-24 01:39:33,72.79,-56.15,44.02,80,100,3.11
97,Saint-Francois,FR,2020-08-24 01:39:33,46.42,3.91,55.4,87,97,2.33
98,Bridgetown,BB,2020-08-24 01:39:33,13.1,-59.62,82.4,78,75,6.93
99,Cumberland,US,2020-08-24 01:39:34,35.05,-78.87,78.8,83,1,6.93
100,Fulton,US,2020-08-24 01:39:34,33.77,-84.45,80.01,78,1,5.82
101,Souillac,MU,2020-08-24 01:39:35,-20.52,57.52,71.6,73,40,16.11
102,Vanavara,RU,2020-08-24 01:39:35,60.34,102.28,58.91,63,71,6.42
103,Dicabisagan,PH,2020-08-24 01:39:35,17.08,122.42,88.07,63,18,5.7
104,Bilma,NE,2020-08-24 01:39:36,18.69,12.92,90.39,39,87,18.81
105,Nhulunbuy,AU,2020-08-24 01:39:36,-12.23,136.77,82.4,48,40,20.8
106,Butte,US,2020-08-24 01:39:36,39.65,-121.57,96.8,22,1,5.82
107,Hovd,MN,2020-08-24 01:39:37,48.01,91.64,63.25,37,99,2.13
108,Atar,MR,2020-08-24 01:39:37,20.52,-13.05,89.42,49,40,11.99
109,Yaan,NG,2020-08-24 01:39:38,7.38,8.57,71.19,97,100,5.91
110,Bluff,NZ,2020-08-24 01:39:38,-46.6,168.33,60.01,72,44,5.01
111,Calama,CL,2020-08-24 01:39:38,-22.47,-68.93,55.4,30,75,9.17
112,Saskylakh,RU,2020-08-24 01:39:39,71.92,114.08,52.66,55,0,12.37
113,Vila Do Maio,CV,2020-08-24 01:39:39,15.13,-23.22,80.6,83,20,4.7
114,Severo-Kurilsk,RU,2020-08-24 01:39:39,50.68,156.12,54.82,82,64,4.18
115,Klaksvik,FO,2020-08-24 01:39:39,62.23,-6.59,44.6,87,94,1.12
116,Semey,KZ,2020-08-24 01:39:40,50.41,80.23,59.0,72,96,6.71
117,Tabou,CI,2020-08-24 01:39:40,4.42,-7.35,75.83,82,100,7.16
118,Eureka,US,2020-08-24 01:37:10,40.8,-124.16,62.01,100,2,4.83
119,Berlevag,NO,2020-08-24 01:39:42,70.86,29.09,53.98,90,99,8.81
120,Saint-Augustin,CA,2020-08-24 01:39:42,51.23,-58.65,56.86,76,75,8.16
121,Lawton,US,2020-08-24 01:39:42,34.61,-98.39,89.6,29,1,9.17
122,Saint George,US,2020-08-24 01:36:04,37.1,-113.58,102.2,18,1,11.41
123,Mocuba,MZ,2020-08-24 01:39:43,-16.84,36.99,61.0,92,32,1.72
124,Luderitz,NA,2020-08-24 01:39:43,-26.65,15.16,55.51,74,0,8.9
125,Verkhnevilyuysk,RU,2020-08-24 01:39:43,63.45,120.32,55.76,47,0,5.79
126,Qostanay,KZ,2020-08-24 01:39:44,53.17,63.58,51.8,87,90,6.71
127,Gorontalo,ID,2020-08-24 01:39:44,0.54,123.06,87.24,55,99,5.12
128,Hualmay,PE,2020-08-24 01:39:44,-11.1,-77.61,60.03,83,16,9.28
129,Naze,JP,2020-08-24 01:39:44,28.37,129.48,89.6,75,75,26.4
130,Mareeba,AU,2020-08-24 01:39:22,-17.0,145.43,81.0,46,26,3.0
131,Tautira,PF,2020-08-24 01:39:45,-17.73,-149.15,82.4,61,40,5.82
132,Victoria,HK,2020-08-24 01:38:49,22.29,114.16,86.0,74,0,5.99
133,Tatawin,TN,2020-08-24 01:39:46,32.93,10.45,78.8,74,0,4.7
134,Muntenii De Jos,RO,2020-08-24 01:39:46,46.62,27.77,73.4,64,46,9.17
135,Iskateley,RU,2020-08-24 01:39:46,67.68,53.15,53.74,87,99,11.39
136,Torbay,CA,2020-08-24 01:39:47,47.67,-52.73,61.0,77,5,11.41
137,Dzaoudzi,YT,2020-08-24 01:39:47,-12.79,45.27,71.6,83,100,3.36
138,Schmalkalden,DE,2020-08-24 01:37:02,50.72,10.45,59.0,77,43,8.05
139,Roebourne,AU,2020-08-24 01:39:49,-20.78,117.13,87.24,17,12,4.14
140,Pundaguitan,PH,2020-08-24 01:39:49,6.37,126.17,83.37,70,53,2.17
141,Bintulu,MY,2020-08-24 01:39:49,3.17,113.03,80.6,88,40,3.36
142,Voloshka,RU,2020-08-24 01:39:50,61.33,40.09,55.78,97,97,4.54
143,Severodvinsk,RU,2020-08-24 01:39:50,64.56,39.83,60.8,93,75,4.47
144,Belaya Gora,RU,2020-08-24 01:39:50,68.53,146.42,41.38,65,99,8.7
145,Imst,AT,2020-08-24 01:39:51,47.27,10.67,60.8,87,90,1.12
146,Cidreira,BR,2020-08-24 01:39:51,-30.18,-50.21,60.91,83,0,15.35
147,Cairns,AU,2020-08-24 01:39:49,-16.92,145.77,81.0,44,67,10.29
148,Los Llanos De Aridane,ES,2020-08-24 01:39:52,28.66,-17.92,75.0,78,1,16.11
149,Whitianga,NZ,2020-08-24 01:39:52,-36.83,175.7,59.0,88,93,7.0
150,Glyadyanskoye,RU,2020-08-24 01:39:52,54.91,65.09,51.82,91,0,3.96
151,Moerai,PF,2020-08-24 01:39:52,-22.43,-151.33,70.61,62,2,6.53
152,Karimganj,IN,2020-08-24 01:39:53,24.87,92.35,81.14,88,74,2.57
153,Pahrump,US,2020-08-24 01:39:53,36.21,-115.98,100.99,24,8,9.26
154,Prestea,GH,2020-08-24 01:39:53,5.43,-2.14,70.61,94,75,3.83
155,Kihei,US,2020-08-24 01:39:54,20.79,-156.47,89.6,46,40,23.04
156,Mahebourg,MU,2020-08-24 01:37:55,-20.41,57.7,71.6,73,40,16.11
157,Imbituba,BR,2020-08-24 01:39:54,-28.24,-48.67,59.0,100,75,2.24
158,Castro,BR,2020-08-24 01:39:54,-24.79,-50.01,47.03,94,44,11.86
159,Lata,PT,2020-08-24 01:39:55,40.16,-8.33,66.0,84,14,2.3
160,Salalah,OM,2020-08-24 01:39:55,17.02,54.09,75.2,100,90,5.82
161,Pukhrayan,IN,2020-08-24 01:39:55,26.23,79.85,80.69,81,4,9.78
162,Tehri,IN,2020-08-24 01:39:56,30.38,78.48,77.0,94,40,0.34
163,Oyem,GA,2020-08-24 01:39:56,1.6,11.58,67.46,98,100,2.24
164,Mozhga,RU,2020-08-24 01:39:56,56.44,52.23,55.27,96,99,4.7
165,Rocha,UY,2020-08-24 01:38:26,-34.48,-54.33,50.25,92,0,10.33
166,Butaritari,KI,2020-08-24 01:38:46,3.07,172.79,83.5,69,100,9.42
167,Neyshabur,IR,2020-08-24 01:39:57,36.21,58.8,68.49,52,0,4.81
168,Nganjuk,ID,2020-08-24 01:39:57,-7.61,111.9,85.98,50,48,5.03
169,Dukat,RU,2020-08-24 01:39:36,62.55,155.55,34.14,93,100,5.12
170,San Cristobal,VE,2020-08-24 01:36:21,7.77,-72.22,66.4,92,95,3.91
171,Poronaysk,RU,2020-08-24 01:39:58,49.22,143.12,59.9,86,100,6.51
172,Lazaro Cardenas,MX,2020-08-24 01:39:58,17.96,-102.2,80.2,85,35,2.21
173,Porto Santo,PT,2020-08-24 01:39:59,33.07,-16.34,73.4,83,40,11.41
174,De Aar,ZA,2020-08-24 01:39:59,-30.65,24.01,48.24,52,86,4.99
175,Wajima,JP,2020-08-24 01:39:59,37.4,136.9,82.4,74,40,5.82
176,Leningradskiy,RU,2020-08-24 01:40:00,69.38,178.42,45.07,85,100,11.59
177,Innisfail,AU,2020-08-24 01:40:00,-17.53,146.03,73.99,37,0,9.57
178,Phuket,TH,2020-08-24 01:40:00,8.0,98.25,84.99,78,20,2.24
179,Carlagan,PH,2020-08-24 01:40:00,14.97,122.05,87.69,66,100,6.17
180,East London,ZA,2020-08-24 01:35:36,-33.02,27.91,58.51,74,100,5.97
181,Benguela,AO,2020-08-24 01:40:01,-12.58,13.41,69.08,85,40,1.97
182,Santa Maria,BR,2020-08-24 01:40:01,-29.68,-53.81,53.96,84,0,7.43
183,Coahuayana,MX,2020-08-24 01:40:02,18.73,-103.68,80.1,84,94,2.06
184,Lebu,CL,2020-08-24 01:40:02,-37.62,-73.65,50.56,91,100,18.21
185,Faya,SA,2020-08-24 01:40:02,18.39,42.45,69.8,56,66,3.44
186,Wenling,CN,2020-08-24 01:40:03,28.37,121.36,80.01,66,34,3.36
187,Strezhevoy,RU,2020-08-24 01:40:03,60.73,77.59,53.6,93,75,4.47
188,Oranjemund,NA,2020-08-24 01:40:03,-28.55,16.43,52.11,93,0,6.58
189,Jacareacanga,BR,2020-08-24 01:40:03,-6.22,-57.75,75.34,44,0,1.45
190,Dwarka,IN,2020-08-24 01:40:03,22.24,68.97,83.1,82,100,20.62
191,Vao,NC,2020-08-24 01:38:01,-22.67,167.48,70.48,70,63,12.41
192,Nelson Bay,AU,2020-08-24 01:38:38,-32.72,152.15,60.01,44,0,13.87
193,Iqaluit,CA,2020-08-24 01:36:43,63.75,-68.51,42.8,81,40,5.82
194,Solwezi,ZM,2020-08-24 01:40:04,-12.17,26.39,50.76,81,61,4.54
195,Marzuq,YE,2020-08-24 01:40:05,14.4,46.47,78.48,57,100,7.72
196,Hun,LY,2020-08-24 01:40:05,29.13,15.95,70.66,62,0,2.57
197,Yumen,CN,2020-08-24 01:40:05,40.28,97.2,80.92,16,1,9.35
198,Barsovo,RU,2020-08-24 01:40:06,61.17,73.17,51.8,100,90,4.47
199,Nampula,MZ,2020-08-24 01:40:06,-15.12,39.27,62.6,93,20,4.7
200,Novodolinskiy,KZ,2020-08-24 01:40:06,49.7,72.7,48.2,87,98,2.24
201,Burns Lake,CA,2020-08-24 01:40:07,54.23,-125.75,59.85,58,100,3.0
202,Hambantota,LK,2020-08-24 01:40:07,6.12,81.12,77.0,100,20,2.24
203,Roald,NO,2020-08-24 01:39:38,62.58,6.13,48.2,81,75,17.22
204,Shingu,JP,2020-08-24 01:40:08,33.73,135.98,84.2,79,40,2.24
205,Havre-Saint-Pierre,CA,2020-08-24 01:40:08,50.23,-63.6,53.6,93,40,11.41
206,Qiryat Gat,IL,2020-08-24 01:37:13,31.61,34.76,77.0,30,0,3.0
207,Ilulissat,GL,2020-08-24 01:40:08,69.22,-51.1,41.0,80,0,2.24
208,Grindavik,IS,2020-08-24 01:40:09,63.84,-22.43,48.2,87,0,5.82
209,Zhuanghe,CN,2020-08-24 01:40:09,39.7,122.99,80.01,87,100,3.0
210,Challapata,BO,2020-08-24 01:40:10,-18.9,-66.77,40.93,58,0,3.22
211,Santa Isabel Do Rio Negro,BR,2020-08-24 01:40:10,-0.41,-65.02,75.27,68,0,1.59
212,Ler,SS,2020-08-24 01:40:10,8.3,30.14,71.28,96,78,3.06
213,Makakilo City,US,2020-08-24 01:40:10,21.35,-158.09,89.6,46,40,6.93
214,North Bend,US,2020-08-24 01:40:11,43.41,-124.22,75.0,77,1,23.04
215,Sayat,TM,2020-08-24 01:40:11,38.78,63.88,78.8,39,76,9.17
216,Sitka,US,2020-08-24 01:40:11,57.05,-135.33,57.2,87,90,3.36
217,Saint-Georges,GD,2020-08-24 01:39:58,12.06,-61.75,82.4,83,20,10.22
218,Hauterive,FR,2020-08-24 01:40:13,46.09,3.45,55.4,82,79,2.3
219,Yar-Sale,RU,2020-08-24 01:40:13,66.83,70.83,52.39,90,80,14.03
220,Nokaneng,BW,2020-08-24 01:40:13,-19.67,22.27,59.04,53,0,6.85
221,Salinas,US,2020-08-24 01:40:13,36.68,-121.66,66.99,72,20,10.29
222,Guerrero Negro,MX,2020-08-24 01:40:14,27.98,-114.06,76.24,66,0,18.28
223,Fortuna,US,2020-08-24 01:40:14,40.6,-124.16,59.0,93,90,11.41
224,New Norfolk,AU,2020-08-24 01:37:54,-42.78,147.06,51.01,74,92,1.99
225,Ahipara,NZ,2020-08-24 01:40:14,-35.17,173.17,58.01,80,90,17.27
226,Beringovskiy,RU,2020-08-24 01:40:15,63.05,179.32,54.73,76,56,6.08
227,Ampanihy,MG,2020-08-24 01:40:15,-24.7,44.75,63.23,78,1,6.89
228,Homer,US,2020-08-24 01:39:56,59.64,-151.55,57.99,88,62,5.99
229,Andenes,NO,2020-08-24 01:40:16,69.31,16.12,50.0,87,100,5.82
230,Ankang,CN,2020-08-24 01:40:17,32.68,109.02,71.28,89,100,2.84
231,Leshukonskoye,RU,2020-08-24 01:40:17,64.9,45.76,57.45,96,99,7.09
232,Chuy,UY,2020-08-24 01:40:18,-33.7,-53.46,53.62,88,0,10.33
233,Srednekolymsk,RU,2020-08-24 01:40:18,67.45,153.68,39.92,72,100,10.38
234,Panguna,PG,2020-08-24 01:40:18,-6.32,155.48,79.75,69,100,3.78
235,Tuatapere,NZ,2020-08-24 01:40:18,-46.13,167.68,60.01,71,7,5.01
236,Vestmannaeyjar,IS,2020-08-24 01:40:19,63.44,-20.27,51.85,74,6,4.41
237,Batabano,CU,2020-08-24 01:40:19,22.72,-82.29,82.4,88,40,11.41
238,Lorengau,PG,2020-08-24 01:40:19,-2.02,147.27,76.21,89,100,2.21
239,Izberbash,RU,2020-08-24 01:40:20,42.57,47.86,66.2,59,19,8.95
240,Saldanha,ZA,2020-08-24 01:39:19,-33.01,17.94,51.8,87,86,3.36
241,Phaltan,IN,2020-08-24 01:40:20,17.98,74.43,74.77,81,100,10.22
242,Broome,US,2020-08-24 01:40:21,42.25,-75.83,72.0,77,20,3.78
243,Nakur,IN,2020-08-24 01:40:21,29.92,77.3,79.83,83,2,9.1
244,Olafsvik,IS,2020-08-24 01:38:26,64.89,-23.71,49.68,74,0,4.0
245,Hasaki,JP,2020-08-24 01:40:22,35.73,140.83,86.0,70,75,11.41
246,Ambon,ID,2020-08-24 01:40:22,-3.7,128.18,80.58,76,14,14.45
247,Padang,ID,2020-08-24 01:40:23,-0.95,100.35,84.65,60,93,1.25
248,Pecos,US,2020-08-24 01:40:23,31.42,-103.49,95.0,23,1,14.99
249,Bonavista,CA,2020-08-24 01:40:23,48.65,-53.11,62.01,76,84,8.99
250,Richards Bay,ZA,2020-08-24 01:40:23,-28.78,32.04,60.49,82,0,2.48
251,Plettenberg Bay,ZA,2020-08-24 01:40:24,-34.05,23.37,58.1,85,100,6.2
252,Mpika,ZM,2020-08-24 01:40:24,-11.83,31.45,56.07,80,14,8.32
253,Coihaique,CL,2020-08-24 01:37:53,-45.58,-72.07,33.8,95,20,5.82
254,Phayao,TH,2020-08-24 01:40:25,19.25,100.25,73.78,96,100,4.68
255,Kavieng,PG,2020-08-24 01:38:06,-2.57,150.8,76.14,91,100,5.55
256,Pinega,RU,2020-08-24 01:40:25,64.7,43.39,59.2,93,100,7.43
257,Canon City,US,2020-08-24 01:40:25,38.44,-105.24,89.6,14,1,9.17
258,Byron Bay,AU,2020-08-24 01:40:26,-28.65,153.62,64.99,33,0,11.41
259,Arona,ES,2020-08-24 01:40:26,28.1,-16.68,75.2,64,0,5.82
260,Saravena,CO,2020-08-24 01:40:26,6.95,-71.88,73.27,90,100,1.41
261,Bilibino,RU,2020-08-24 01:40:27,68.05,166.44,40.5,85,100,4.76
262,Suntar,RU,2020-08-24 01:40:27,62.14,117.63,59.47,43,0,6.2
263,Marawi,PH,2020-08-24 01:40:28,8.0,124.29,82.0,82,75,5.01
264,Bambous Virieux,MU,2020-08-24 01:40:28,-20.34,57.76,72.0,73,40,16.11
265,Puqi,CN,2020-08-24 01:40:28,29.72,113.88,90.99,62,0,8.97
266,Kurchum,KZ,2020-08-24 01:40:28,48.57,83.65,70.32,38,99,3.42
267,Kapaa,US,2020-08-24 01:38:00,22.08,-159.32,86.0,66,1,12.75
268,Manokwari,ID,2020-08-24 01:40:29,-0.87,134.08,78.69,81,100,7.29
269,Inirida,CO,2020-08-24 01:40:29,3.87,-67.92,72.34,94,96,1.63
270,Isangel,VU,2020-08-24 01:40:29,-19.55,169.27,78.8,94,75,7.2
271,Mount Isa,AU,2020-08-24 01:40:30,-20.73,139.5,71.6,17,0,10.29
272,Kyshtovka,RU,2020-08-24 01:40:30,56.55,76.63,53.71,92,12,6.29
273,Toamasina,MG,2020-08-24 01:40:30,-18.17,49.38,64.87,87,100,7.02
274,Hamilton,US,2020-08-24 01:40:30,39.18,-84.53,77.0,73,20,3.36
275,Bajil,YE,2020-08-24 01:40:31,15.06,43.29,88.79,58,41,3.2
276,Mitu,CO,2020-08-24 01:40:31,1.2,-70.17,73.13,77,29,0.96
277,Ravar,IR,2020-08-24 01:40:31,31.27,56.81,76.39,21,0,4.0
278,Esperance,AU,2020-08-24 01:40:32,-33.87,121.9,55.4,100,75,8.05
279,Maumere,ID,2020-08-24 01:40:32,-8.62,122.21,82.35,59,0,1.57
280,Wad Madani,SD,2020-08-24 01:40:32,14.4,33.52,78.3,74,100,17.29
281,Vila Velha,BR,2020-08-24 01:36:38,-20.33,-40.29,71.01,77,5,13.87
282,Pueblo Nuevo Vinas,GT,2020-08-24 01:40:34,14.23,-90.47,66.2,82,75,6.93
283,Shakawe,BW,2020-08-24 01:40:35,-18.37,21.85,58.3,53,0,4.63
284,Chimore,BO,2020-08-24 01:40:35,-16.98,-65.13,62.55,72,0,2.91
285,Macklin,CA,2020-08-24 01:40:35,52.33,-109.93,64.33,59,1,7.92
286,Pisco,PE,2020-08-24 01:40:36,-13.7,-76.22,61.0,87,90,12.75
287,Komsomolskiy,UZ,2020-08-24 01:40:36,40.43,71.72,69.8,40,0,6.93
288,Norman Wells,CA,2020-08-24 01:40:36,65.28,-126.83,69.8,46,40,17.22
289,Fairbanks,US,2020-08-24 01:36:10,64.84,-147.72,69.8,46,20,5.64
290,Baruun-Urt,MN,2020-08-24 01:40:37,46.68,113.28,70.16,53,21,5.53
291,Aranos,NA,2020-08-24 01:40:37,-24.13,19.12,54.57,48,0,9.28
292,Kattivakkam,IN,2020-08-24 01:40:37,13.22,80.32,78.8,83,75,8.05
293,Flin Flon,CA,2020-08-24 01:40:38,54.77,-101.86,57.34,75,41,11.25
294,Storforshei,NO,2020-08-24 01:40:38,66.4,14.52,43.2,76,86,3.56
295,Namibe,AO,2020-08-24 01:39:59,-15.2,12.15,64.35,92,93,1.1
296,Lake Shore,US,2020-08-24 01:40:38,39.11,-76.48,80.01,88,40,4.7
297,Ahuimanu,US,2020-08-24 01:40:38,21.44,-157.84,89.6,66,40,9.17
298,Limbang,MY,2020-08-24 01:40:39,4.75,115.0,80.6,83,75,3.36
299,Georgetown,MY,2020-08-24 01:40:39,5.41,100.34,84.2,83,20,5.82
300,New Bern,US,2020-08-24 01:40:39,35.11,-77.04,75.0,94,40,4.7
301,Port Hardy,CA,2020-08-24 01:40:42,50.7,-127.42,62.6,67,75,10.29
302,Broken Hill,AU,2020-08-24 01:38:11,-31.95,141.43,51.8,50,75,6.93
303,Xaxim,BR,2020-08-24 01:40:42,-26.96,-52.53,47.14,91,0,4.85
304,Kaitangata,NZ,2020-08-24 01:40:42,-46.28,169.85,53.01,91,43,8.99
305,Kerouane,GN,2020-08-24 01:40:43,9.27,-9.02,69.96,94,100,2.98
306,Adrian,US,2020-08-24 01:40:43,41.9,-84.04,77.0,69,1,4.5
307,Phan Thiet,VN,2020-08-24 01:38:21,10.93,108.1,85.28,69,42,8.48
308,Uzunovo,RU,2020-08-24 01:40:44,54.54,38.62,56.61,85,67,7.96
309,Sao Joao Da Barra,BR,2020-08-24 01:40:44,-21.64,-41.05,64.17,71,10,10.31
310,Ponoka,CA,2020-08-24 01:40:44,52.68,-113.58,68.0,52,75,9.17
311,Port Hedland,AU,2020-08-24 01:40:44,-20.32,118.57,86.0,20,0,2.24
312,Flinders,AU,2020-08-24 01:40:45,-34.58,150.86,59.0,47,0,11.99
313,Baghmara,IN,2020-08-24 01:40:45,23.8,86.21,82.96,76,29,7.23
314,Canora,CA,2020-08-24 01:40:45,51.63,-102.43,73.4,43,1,5.82
315,Morehead,US,2020-08-24 01:40:45,37.27,-87.18,77.0,100,1,3.51
316,Ballina,AU,2020-08-24 01:40:46,-28.87,153.57,64.99,33,0,11.41
317,Clyde River,CA,2020-08-24 01:40:46,70.47,-68.59,41.88,89,100,3.11
318,Honningsvag,NO,2020-08-24 01:40:46,70.98,25.97,52.39,94,100,17.05
319,Yarega,RU,2020-08-24 01:40:46,63.44,53.58,54.81,91,100,4.85
320,Dipolog,PH,2020-08-24 01:40:47,8.59,123.34,85.37,65,77,3.24
321,Leh,IN,2020-08-24 01:40:47,34.17,77.58,65.16,23,0,2.84
322,Dunedin,NZ,2020-08-24 01:36:22,-45.87,170.5,53.01,88,98,7.99
323,Bubaque,GW,2020-08-24 01:40:48,11.28,-15.83,80.94,79,100,7.85
324,Araguari,BR,2020-08-24 01:40:48,-18.65,-48.19,62.6,72,0,11.41
325,Aloleng,PH,2020-08-24 01:40:48,16.13,119.78,84.58,77,52,13.35
326,Midsalip,PH,2020-08-24 01:40:48,8.0,123.27,80.08,72,91,2.35
327,Thunder Bay,CA,2020-08-24 01:36:39,48.4,-89.32,66.2,93,75,3.36
328,Cayenne,GF,2020-08-24 01:38:03,4.93,-52.33,75.2,100,75,11.39
329,Lompoc,US,2020-08-24 01:40:49,34.64,-120.46,75.0,78,1,11.41
330,Maniitsoq,GL,2020-08-24 01:40:49,65.42,-52.9,44.28,88,100,3.91
331,Santarem,BR,2020-08-24 01:40:50,-2.44,-54.71,73.4,100,3,2.84
332,Bandarbeyla,SO,2020-08-24 01:40:50,9.49,50.81,75.36,71,89,29.35
333,Anshun,CN,2020-08-24 01:40:51,26.25,105.93,69.69,91,100,4.72
334,Kruisfontein,ZA,2020-08-24 01:40:51,-34.0,24.73,55.0,86,100,5.82
335,Nyurba,RU,2020-08-24 01:40:02,63.28,118.33,56.32,49,0,5.26
336,Virtsu,EE,2020-08-24 01:40:51,58.57,23.51,63.0,92,0,13.0
337,Bathsheba,BB,2020-08-24 01:40:52,13.22,-59.52,82.4,78,75,6.93
338,Leiva,CO,2020-08-24 01:40:52,1.93,-77.3,65.46,95,97,2.77
339,Rognan,NO,2020-08-24 01:40:53,67.1,15.39,46.0,96,43,5.77
340,Semirom,IR,2020-08-24 01:40:53,31.42,51.57,45.72,63,0,1.25
341,Pinawa,CA,2020-08-24 01:40:53,50.15,-95.88,63.66,91,83,4.76
342,Lubaczow,PL,2020-08-24 01:40:54,50.16,23.12,62.01,98,95,3.04
343,Carutapera,BR,2020-08-24 01:40:54,-1.2,-46.02,75.6,91,25,5.75
344,Sept-Iles,CA,2020-08-24 01:40:54,50.2,-66.38,55.99,93,75,4.7
345,Sao Gabriel Da Cachoeira,BR,2020-08-24 01:40:55,-0.13,-67.09,78.26,66,95,0.85
346,Lampa,CL,2020-08-24 01:40:55,-33.28,-70.9,52.0,62,75,5.82
347,Tanda,IN,2020-08-24 01:40:55,26.55,82.65,83.17,73,0,4.09
348,Boueni,YT,2020-08-24 01:40:56,-12.9,45.08,71.6,83,100,3.36
349,La Ronge,CA,2020-08-24 01:40:56,55.1,-105.28,64.4,63,40,8.05
350,Rorvik,NO,2020-08-24 01:40:57,64.86,11.24,53.26,70,50,26.22
351,Bahraich,IN,2020-08-24 01:40:57,27.58,81.6,82.99,88,50,3.24
352,Sheridan,US,2020-08-24 01:40:57,44.83,-106.92,79.0,41,1,4.7
353,Edd,ER,2020-08-24 01:40:58,13.93,41.69,92.05,55,99,1.23
354,Sembe,CG,2020-08-24 01:40:58,1.65,14.58,70.38,94,100,3.62
355,Takoradi,GH,2020-08-24 01:40:58,4.88,-1.76,72.97,90,19,8.88
356,Kavaratti,IN,2020-08-24 01:40:59,10.57,72.64,81.61,79,100,14.76
357,Marienburg,PL,2020-08-24 01:41:00,54.04,19.03,59.0,77,20,8.05
358,Tiznit,MA,2020-08-24 01:41:00,29.58,-9.5,85.32,29,17,2.86
359,Arrecife,ES,2020-08-24 01:41:00,28.96,-13.55,75.2,73,0,26.4
360,Puerto Quijarro,BO,2020-08-24 01:41:01,-17.78,-57.77,71.53,51,0,1.36
361,Ouegoa,NC,2020-08-24 01:41:01,-20.35,164.43,78.69,65,85,4.27
362,Bakchar,RU,2020-08-24 01:41:01,57.02,82.07,54.32,93,100,2.21
363,Zhangjiakou,CN,2020-08-24 01:37:07,40.81,114.88,70.32,63,0,6.78
364,Nouakchott,MR,2020-08-24 01:36:29,18.09,-15.98,82.4,74,75,13.87
365,Pochutla,MX,2020-08-24 01:41:02,15.74,-96.47,73.99,83,90,3.38
366,Talaya,RU,2020-08-24 01:41:02,61.38,152.75,41.72,64,99,12.03
367,Miass,RU,2020-08-24 01:41:03,55.05,60.11,49.77,95,51,4.59
368,Williston,US,2020-08-24 01:41:03,48.15,-103.62,77.0,38,0,1.01
369,Inhambane,MZ,2020-08-24 01:41:04,-23.86,35.38,63.68,78,0,7.7
370,Cuamba,MZ,2020-08-24 01:38:40,-14.8,36.54,57.45,87,97,0.27
371,Kendari,ID,2020-08-24 01:41:04,-3.94,122.5,82.78,61,48,5.1
372,Gizo,SB,2020-08-24 01:41:05,-8.1,156.84,83.03,75,100,9.73
373,Pabna,BD,2020-08-24 01:41:05,24.0,89.25,83.25,78,0,6.22
374,Esso,RU,2020-08-24 01:41:05,55.93,158.7,51.46,51,99,5.84
375,Kaeo,NZ,2020-08-24 01:41:06,-35.1,173.78,55.99,3,91,11.99
376,Sorland,NO,2020-08-24 01:41:06,67.67,12.69,52.81,80,15,20.49
377,Visnes,NO,2020-08-24 01:41:06,59.36,5.22,51.8,76,87,13.87
378,Assiniboia,CA,2020-08-24 01:41:06,49.63,-105.98,74.68,28,6,7.9
379,Batagay,RU,2020-08-24 01:41:07,67.63,134.63,46.92,55,39,5.73
380,Shitanjing,CN,2020-08-24 01:41:07,39.23,106.34,75.99,30,0,14.56
381,Coteana,RO,2020-08-24 01:41:07,44.3,24.47,69.8,68,0,5.82
382,Kurtamysh,RU,2020-08-24 01:41:08,54.91,64.43,51.67,92,0,5.91
383,Ewa Beach,US,2020-08-24 01:41:08,21.32,-158.01,89.6,46,40,6.93
384,Mersing,MY,2020-08-24 01:41:08,2.43,103.84,80.6,88,40,2.24
385,Hearst,CA,2020-08-24 01:41:09,49.68,-83.67,60.75,62,60,8.46
386,Keroka,KE,2020-08-24 01:41:09,-0.78,34.95,54.9,90,93,4.43
387,Qui Nhon,VN,2020-08-24 01:41:09,13.77,109.23,86.23,64,91,4.27
388,Progreso,MX,2020-08-24 01:41:09,21.28,-89.67,77.0,94,90,6.93
389,Wilmington Island,US,2020-08-24 01:41:10,32.0,-80.97,82.99,83,1,5.82
390,Wittstock,DE,2020-08-24 01:41:10,53.16,12.48,59.0,92,0,4.0
391,Auki,SB,2020-08-24 01:41:10,-8.77,160.7,84.04,73,48,2.64
392,Clinton,US,2020-08-24 01:38:58,42.59,-82.92,82.99,88,20,4.99
393,Dingle,PH,2020-08-24 01:41:11,11.0,122.67,85.57,72,0,3.74
394,Talnakh,RU,2020-08-24 01:41:11,69.49,88.4,59.0,77,100,15.66
395,Barquisimeto,VE,2020-08-24 01:40:17,10.07,-69.32,64.4,100,30,10.29
396,Saint-Pierre,RE,2020-08-24 01:39:23,-21.34,55.48,64.4,63,24,8.05
397,Asau,RO,2020-08-24 01:41:12,46.43,26.4,66.0,84,13,3.87
398,Safita,SY,2020-08-24 01:41:12,34.82,36.12,73.99,53,0,4.7
399,Ayan,RU,2020-08-24 01:41:14,56.45,138.17,56.97,68,1,4.36
400,Digby,CA,2020-08-24 01:41:14,44.62,-65.77,64.0,92,78,11.99
401,Geraldton,AU,2020-08-24 01:41:14,-28.77,114.6,55.4,82,0,9.17
402,Bereda,ES,2020-08-24 01:41:14,43.27,-7.54,57.0,100,34,1.99
403,Alofi,NU,2020-08-24 01:37:46,-19.06,-169.92,80.6,69,75,13.87
404,Mangrol,IN,2020-08-24 01:41:15,21.12,70.12,81.55,84,100,21.68
405,Alcobaca,PT,2020-08-24 01:41:15,39.55,-8.98,64.0,61,49,11.01
406,Hobyo,SO,2020-08-24 01:41:15,5.35,48.53,75.25,78,93,20.51
407,Guarapari,BR,2020-08-24 01:41:16,-20.67,-40.5,71.01,77,32,13.87
408,Tezu,IN,2020-08-24 01:41:16,27.92,96.17,84.96,63,96,2.39
409,Karpogory,RU,2020-08-24 01:41:16,64.0,44.45,58.15,95,100,6.62
410,Rawson,AR,2020-08-24 01:39:06,-43.3,-65.1,53.6,43,100,4.18
411,Beberibe,BR,2020-08-24 01:41:17,-4.18,-38.13,78.8,74,75,13.87
412,Santa Rosa,PH,2020-08-24 01:40:58,14.31,121.11,88.0,74,100,6.93
413,Yulara,AU,2020-08-24 01:41:17,-25.24,130.99,73.4,20,0,8.05
414,Rio Grande,BR,2020-08-24 01:41:17,-32.03,-52.1,55.99,92,0,1.01
415,Autun,FR,2020-08-24 01:41:18,46.95,4.3,59.0,87,100,1.92
416,Leczna,PL,2020-08-24 01:41:18,51.3,22.88,61.0,100,98,4.7
417,Sistranda,NO,2020-08-24 01:39:26,63.73,8.83,48.2,81,75,19.46
418,Poum,NC,2020-08-24 01:39:20,-20.23,164.02,72.28,79,93,19.24
419,Tondon,GN,2020-08-24 01:41:19,10.37,-13.35,73.09,93,100,1.36
420,Macaiba,BR,2020-08-24 01:41:19,-5.86,-35.35,75.2,88,20,5.82
421,Millau,FR,2020-08-24 01:41:20,44.08,2.92,57.99,82,43,5.82
422,Sao Filipe,CV,2020-08-24 01:39:35,14.9,-24.5,79.09,86,97,10.07
423,Kudahuvadhoo,MV,2020-08-24 01:41:20,2.67,72.89,82.8,67,81,3.4
424,Ostrovnoy,RU,2020-08-24 01:41:21,68.05,39.51,55.29,89,6,18.57
425,Palmer,US,2020-08-24 01:41:21,42.16,-72.33,69.8,88,90,9.17
426,Prieska,ZA,2020-08-24 01:41:22,-29.66,22.75,55.08,46,45,5.39
427,Hay River,CA,2020-08-24 01:39:36,60.82,-115.8,57.2,76,75,5.82
428,Touros,BR,2020-08-24 01:41:23,-5.2,-35.46,73.4,88,20,5.82
429,Bronnoysund,NO,2020-08-24 01:41:23,65.46,12.2,50.0,81,37,13.87
430,Neuquen,AR,2020-08-24 01:41:23,-38.95,-68.06,55.4,43,57,2.24
431,Ihosy,MG,2020-08-24 01:41:24,-22.4,46.12,57.38,86,64,4.47
432,Moroni,KM,2020-08-24 01:41:24,-11.7,43.26,73.94,63,100,3.13
433,Xai-Xai,MZ,2020-08-24 01:41:24,-25.05,33.64,60.84,77,0,10.69
434,Praya,CV,2020-08-24 01:36:44,14.92,-23.51,80.6,83,20,4.7
435,Khartoum,SD,2020-08-24 01:41:25,15.55,32.53,82.4,69,100,18.34
436,Tansen,NP,2020-08-24 01:41:25,27.87,83.55,69.28,95,70,0.69
437,Araouane,ML,2020-08-24 01:41:26,18.9,-3.53,93.25,34,0,15.52
438,Kayerkan,RU,2020-08-24 01:41:26,69.35,87.76,59.0,77,96,15.66
439,Kirakira,SB,2020-08-24 01:41:27,-10.45,161.92,85.51,65,97,6.13
440,Kysyl-Syr,RU,2020-08-24 01:41:28,63.9,122.76,53.42,50,0,8.25
441,Gigmoto,PH,2020-08-24 01:41:28,13.78,124.39,86.41,71,74,8.97
442,Baherden,TM,2020-08-24 01:41:29,38.44,57.43,73.47,38,0,12.88
443,Lewiston,US,2020-08-24 01:41:29,44.1,-70.21,68.0,94,1,3.36
444,Da Lat,VN,2020-08-24 01:36:55,11.95,108.44,72.59,69,100,3.53
445,Anuradhapura,LK,2020-08-24 01:41:30,8.36,80.42,79.74,75,44,11.63
446,Sibolga,ID,2020-08-24 01:41:30,1.74,98.78,83.73,62,49,3.02
447,Mayumba,GA,2020-08-24 01:41:30,-3.43,10.66,73.47,87,100,6.49
448,Lasa,IT,2020-08-24 01:41:30,46.62,10.7,55.0,100,39,2.24
449,Muros,ES,2020-08-24 01:41:31,42.78,-9.06,63.0,86,1,9.91
450,Renqiu,CN,2020-08-24 01:41:31,38.7,116.09,68.81,92,100,6.69
451,Linxia,CN,2020-08-24 01:41:31,35.6,103.21,65.16,51,0,0.92
452,Huai Mek,TH,2020-08-24 01:41:31,16.59,103.24,78.8,88,75,4.7
453,Puerto Leguizamo,CO,2020-08-24 01:41:32,-0.19,-74.78,70.45,87,0,2.08
454,Ukiah,US,2020-08-24 01:41:32,39.15,-123.21,91.4,26,40,3.36
455,Tvoroyri,FO,2020-08-24 01:41:32,61.56,-6.81,44.6,87,26,1.12
456,Ust-Maya,RU,2020-08-24 01:41:33,60.42,134.53,62.78,35,61,3.31
457,Maningrida,AU,2020-08-24 01:41:33,-12.07,134.27,85.32,29,0,12.91
458,Puri,IN,2020-08-24 01:41:33,19.8,85.85,83.62,77,100,7.72
459,Kaili,ID,2020-08-24 01:41:34,-3.46,120.21,79.07,62,72,3.74
460,Kupang,ID,2020-08-24 01:37:49,-10.17,123.58,84.2,30,20,12.75
461,Camacha,PT,2020-08-24 01:41:34,33.08,-16.33,73.4,83,40,11.41
462,Dindori,IN,2020-08-24 01:41:35,22.95,81.08,74.64,85,86,7.43
463,Kieta,PG,2020-08-24 01:41:35,-6.22,155.63,83.19,68,100,5.55
464,Vila,PT,2020-08-24 01:41:35,42.03,-8.16,64.4,88,0,5.82
465,Fagernes,NO,2020-08-24 01:41:35,60.99,9.23,35.01,79,0,2.8
466,Manjacaze,MZ,2020-08-24 01:41:36,-24.71,33.88,57.76,83,0,8.14
467,Maarianhamina,AX,2020-08-24 01:41:36,60.1,19.93,60.8,82,0,5.82
468,Novyy Urengoy,RU,2020-08-24 01:41:09,66.08,76.63,53.8,90,100,13.24
469,Cururupu,BR,2020-08-24 01:41:36,-1.83,-44.87,74.62,94,70,3.09
470,Taltal,CL,2020-08-24 01:41:37,-25.4,-70.48,50.81,76,8,1.01
471,Ambilobe,MG,2020-08-24 01:41:37,-13.2,49.05,63.34,82,85,3.42
472,Umm Lajj,SA,2020-08-24 01:41:37,25.02,37.27,81.88,56,0,7.45
473,Siruguppa,IN,2020-08-24 01:41:38,15.63,76.9,75.74,83,67,11.59
474,Havoysund,NO,2020-08-24 01:41:38,71.0,24.66,51.8,100,75,16.11
475,Vardo,NO,2020-08-24 01:41:38,70.37,31.11,53.22,92,100,8.59
476,Grao Mogol,BR,2020-08-24 01:41:38,-16.56,-42.89,54.72,96,56,5.75
477,Abu Zabad,SD,2020-08-24 01:41:39,12.35,29.25,73.74,77,98,10.98
478,Soure,BR,2020-08-24 01:41:39,-0.72,-48.52,79.97,84,20,12.26
479,Mount Gambier,AU,2020-08-24 01:40:16,-37.83,140.77,50.0,71,90,8.05
480,Namatanai,PG,2020-08-24 01:41:41,-3.67,152.43,76.98,86,100,7.07
481,Russas,BR,2020-08-24 01:41:41,-4.94,-37.98,73.45,68,86,5.55
482,Pacific Grove,US,2020-08-24 01:41:14,36.62,-121.92,66.99,72,1,4.7
483,Toba,JP,2020-08-24 01:41:42,34.48,136.85,84.99,78,0,3.0
484,Avera,US,2020-08-24 01:41:42,33.19,-82.53,75.2,88,1,4.7
485,Westport,US,2020-08-24 01:40:34,41.14,-73.36,77.0,83,1,6.93
486,Ostersund,SE,2020-08-24 01:41:42,63.18,14.64,42.8,87,94,8.05
487,Curup,ID,2020-08-24 01:41:43,-3.47,102.53,78.55,58,81,4.43
488,Ketchikan,US,2020-08-24 01:41:43,55.34,-131.65,57.2,100,90,4.7
489,Sola,VU,2020-08-24 01:41:43,-13.88,167.55,81.77,80,19,9.78
490,Kyaikto,MM,2020-08-24 01:41:43,17.3,97.02,78.67,87,98,5.64
491,Staryy Nadym,RU,2020-08-24 01:41:44,65.61,72.68,52.54,82,47,12.68
492,Cukai,MY,2020-08-24 01:41:44,4.25,103.42,78.8,88,20,2.62
493,Karratha,AU,2020-08-24 01:41:44,-20.74,116.85,87.3,18,1,1.41
494,Seydi,TM,2020-08-24 01:41:44,39.48,62.91,78.35,27,59,13.69
495,Gerash,IR,2020-08-24 01:41:45,27.67,54.14,82.4,65,100,11.41
496,Le Port,RE,2020-08-24 01:41:45,-20.94,55.29,68.0,56,12,10.29
497,Egvekinot,RU,2020-08-24 01:41:46,66.32,-179.17,51.49,76,76,5.53
498,Trois-Rivieres,CA,2020-08-24 01:41:42,46.35,-72.55,68.0,94,90,0.43
499,Petawawa,CA,2020-08-24 01:41:50,45.9,-77.33,68.0,94,90,2.71
500,Alpena,US,2020-08-24 01:38:40,45.06,-83.43,69.8,100,40,3.36
501,Lesnoy,RU,2020-08-24 01:41:50,57.62,63.08,48.36,94,0,5.1
502,Brae,GB,2020-08-24 01:41:51,60.4,-1.35,50.0,87,83,12.75
503,Boshnyakovo,RU,2020-08-24 01:41:52,49.63,142.17,65.71,74,100,3.65
504,Meulaboh,ID,2020-08-24 01:39:19,4.14,96.13,82.18,74,18,5.32
505,Verkh-Usugli,RU,2020-08-24 01:41:52,52.7,115.17,53.71,88,100,3.62
506,Galveston,US,2020-08-24 01:41:53,29.37,-94.97,88.0,58,1,9.17
507,Sagua La Grande,CU,2020-08-24 01:41:53,22.81,-80.08,80.6,88,40,6.93
508,Ostashkov,RU,2020-08-24 01:41:53,57.15,33.11,59.27,98,100,3.13
509,Okhotsk,RU,2020-08-24 01:41:54,59.38,143.3,54.54,60,100,4.72
510,Husavik,IS,2020-08-24 01:41:54,66.04,-17.34,39.2,93,100,2.24
511,Chapais,CA,2020-08-24 01:41:55,49.78,-74.85,55.4,82,1,3.36
512,Goderich,CA,2020-08-24 01:38:38,43.75,-81.72,80.01,72,0,1.01
513,Nyagan,RU,2020-08-24 01:41:55,62.14,65.39,53.85,87,100,8.7
514,Badiraguato,MX,2020-08-24 01:41:55,25.37,-107.52,91.0,68,45,1.52
515,Kilindoni,TZ,2020-08-24 01:41:56,-7.91,39.67,76.01,74,81,9.31
516,Jalu,LY,2020-08-24 01:41:56,29.03,21.55,75.16,50,0,10.0
517,Bireun,ID,2020-08-24 01:41:57,5.2,96.7,82.33,71,9,2.01
518,Zhigansk,RU,2020-08-24 01:41:57,66.77,123.37,48.11,62,0,12.95
519,Jiayuguan,CN,2020-08-24 01:41:57,39.82,98.3,78.78,17,0,4.85
520,Nouadhibou,MR,2020-08-24 01:42:00,20.93,-17.03,75.2,78,36,5.82
521,Comodoro Rivadavia,AR,2020-08-24 01:38:12,-45.87,-67.5,46.4,75,40,9.66
522,Acapulco,MX,2020-08-24 01:42:01,16.86,-99.89,82.4,83,75,2.24
523,Te Anau,NZ,2020-08-24 01:42:01,-45.42,167.72,54.23,61,23,1.72
524,Leno,IT,2020-08-24 01:42:01,45.37,10.22,69.8,88,5,1.12
525,Santa Fe,AR,2020-08-24 01:42:02,-31.63,-60.7,63.0,51,0,5.99
526,Bilaspur,IN,2020-08-24 01:42:02,22.08,82.15,80.53,80,63,6.93
527,Ust-Kut,RU,2020-08-24 01:42:02,56.79,105.77,66.65,53,96,3.0
528,Fredericksburg,US,2020-08-24 01:41:36,38.3,-77.46,80.6,83,1,5.82
529,Landshut,DE,2020-08-24 01:42:03,48.53,12.15,55.99,100,5,4.7
530,Palmares Do Sul,BR,2020-08-24 01:42:03,-30.26,-50.51,59.7,81,0,14.07
531,Kamenka,RU,2020-08-24 01:42:04,51.32,42.77,50.0,83,30,2.48
532,Cockburn Town,TC,2020-08-24 01:42:04,21.46,-71.14,84.11,83,100,24.14
533,Aykhal,RU,2020-08-24 01:42:04,66.0,111.5,50.0,57,0,4.47
534,Fare,PF,2020-08-24 01:42:05,-16.7,-151.02,78.04,77,22,19.48
535,Hamada,JP,2020-08-24 01:42:05,34.88,132.08,84.2,70,20,4.7
536,Caravelas,BR,2020-08-24 01:42:05,-17.71,-39.25,69.71,79,100,11.05
537,La Fleche,FR,2020-08-24 01:42:06,47.7,-0.08,60.8,87,100,2.17
538,Khanpur,PK,2020-08-24 01:42:06,28.65,70.66,95.61,45,18,8.12
539,Vengurla,IN,2020-08-24 01:42:06,15.87,73.63,77.0,100,75,4.7
540,Pietersburg,ZA,2020-08-24 01:40:13,-23.9,29.47,48.2,57,0,1.12
541,Vilyuysk,RU,2020-08-24 01:42:08,63.76,121.62,54.27,50,0,9.15
542,Muzaffarabad,PK,2020-08-24 01:42:08,34.37,73.47,79.81,69,64,0.78
543,Olinda,BR,2020-08-24 01:42:08,-8.01,-34.86,77.0,73,40,6.93
544,Yeniseysk,RU,2020-08-24 01:42:08,58.45,92.17,59.2,69,100,2.51
545,Ghanzi,BW,2020-08-24 01:42:09,-21.57,21.78,56.59,55,0,9.35
546,Kelso,US,2020-08-24 01:42:09,46.15,-122.91,78.8,47,1,10.29
547,Tupik,RU,2020-08-24 01:42:10,54.43,119.93,49.78,91,100,10.02
548,Vyshkov,RU,2020-08-24 01:42:10,52.48,31.69,66.2,82,75,4.47
549,Povenets,RU,2020-08-24 01:42:10,62.85,34.83,56.16,91,99,7.52
550,Arkhara,RU,2020-08-24 01:42:11,49.42,130.08,73.69,64,100,13.06
551,Ust-Kuyga,RU,2020-08-24 01:42:11,70.02,135.6,45.21,60,20,14.52
552,Gorodets,RU,2020-08-24 01:42:12,56.65,43.48,61.0,87,100,4.47
553,Dhidhdhoo,MV,2020-08-24 01:38:19,6.88,73.1,83.14,70,69,7.54
554,Mollendo,PE,2020-08-24 01:42:12,-17.02,-72.01,58.19,81,100,3.13
